data,ticker,comprado,close,ret
2026-09-10,ABEV3,1,15.74,0.01027
2026-09-10,ALOS3,1,29.07,0.019285
2026-09-10,AURA33,1,145.49,0.009506
2026-09-10,AXIA3,1,55.7,0.011256
2026-09-10,AZZA3,1,17.0,0.021635
2026-09-10,BBAS3,1,22.8,0.027953
2026-09-10,BBDC3,1,16.24,0.0259
2026-09-10,BBDC4,1,18.48,0.038786
2026-09-10,BBSE3,1,41.2,0.007089
2026-09-10,BEEF3,1,3.98,0.007595
2026-09-10,BOVA11,1,185.21,0.012796
2026-09-10,BPAC11,1,60.45,0.023535
2026-09-10,BRAP4,1,22.38,-0.008418
2026-09-10,BRAV3,0,18.81,0.021173
2026-09-10,BRSR6,1,15.2178,0.028647
2026-09-10,CEAB3,0,9.36,0.030837
2026-09-10,CMIN3,1,6.99,0.00431
2026-09-10,COGN3,1,2.38,0.00422
2026-09-10,CPLE3,1,16.14,0.010013
2026-09-10,CSAN3,1,3.85,0.015831
2026-09-10,CSMG3,0,56.68,0.02071
2026-09-10,CSNA3,1,7.19,0.011252
2026-09-10,CVCB3,1,1.6,-0.030303
2026-09-10,CXSE3,1,20.31,0.027314
2026-09-10,CYRE3,1,26.17,0.042214
2026-09-10,DIRR3,0,10.94,0.000915
2026-09-10,ECOR3,1,8.22,0.040506
2026-09-10,EGIE3,1,31.0,0.008786
2026-09-10,EMBJ3,1,95.82,0.005773
2026-09-10,ENEV3,1,27.68,0.012806
2026-09-10,ENGI11,1,51.81,0.026754
2026-09-10,EQTL3,1,40.1,0.033239
2026-09-10,EZTC3,1,13.14,0.027365
2026-09-10,FLRY3,1,20.96,0.029975
2026-09-10,GMAT3,1,4.83,0.021142
2026-09-10,GRND3,1,3.77,0.010724
2026-09-10,HAPV3,0,7.32,0.045714
2026-09-10,HYPE3,1,22.84,0.011067
2026-09-10,IGTI11,1,26.53,0.02117
2026-09-10,IRBR3,1,60.41,-0.00886
2026-09-10,ITSA4,1,14.17,0.018692
2026-09-10,ITUB3,1,46.38,0.016882
2026-09-10,ITUB4,1,42.35,0.018274
2026-09-10,JHSF3,1,11.98,0.032759
2026-09-10,KLBN11,1,19.57,0.002048
2026-09-10,MBRF3,1,16.94,-0.01282
2026-09-10,MGLU3,1,5.94,0.066427
2026-09-10,MOVI3,0,8.1,0.047866
2026-09-10,MRVE3,1,5.72,0.014184
2026-09-10,MULT3,1,30.39,0.017409
2026-09-10,ORVR3,0,17.63,0.007429
2026-09-10,PETR4,1,49.12,0.014457
2026-09-10,POMO4,0,4.58,0.026906
2026-09-10,PSSA3,0,51.3,0.009843
2026-09-10,QUAL3,0,1.49,0.013605
2026-09-10,RAIL3,1,14.95,0.031034
2026-09-10,RAIZ4,0,0.28,0.076923
2026-09-10,RAPT4,1,5.12,0.047035
2026-09-10,RDOR3,1,38.06,0.030598
2026-09-10,RECV3,1,11.71,0.025394
2026-09-10,RENT3,0,36.81,0.030515
2026-09-10,ROXO34,1,12.7,-0.003922
2026-09-10,SBSP3,0,27.29,0.022097
2026-09-10,SIMH3,1,7.89,0.031373
2026-09-10,SLCE3,1,18.43,0.030761
2026-09-10,SMAL11,1,112.3,0.019056
2026-09-10,SMFT3,0,17.79,0.007932
2026-09-10,SUZB3,1,48.1,0.01842
2026-09-10,TAEE11,1,41.29,0.010277
2026-09-10,TIMS3,0,19.54,0.007736
2026-09-10,TOTS3,1,33.0,-0.005125
2026-09-10,USIM5,0,7.65,0.002621
2026-09-10,VALE3,1,78.23,-0.010999
2026-09-10,VAMO3,1,3.44,0.020772
2026-09-10,VBBR3,1,38.25,0.007905
2026-09-10,VIVA3,1,22.75,0.016533
2026-09-10,VIVT3,0,30.46,0.008609
2026-09-10,WEGE3,1,52.17,0.009286
2026-09-10,WIZC3,0,8.06,0.018963
2026-09-10,XPBR31,1,100.98,0.035268
2026-09-10,YDUQ3,1,10.09,-0.010784
2026-09-11,ABEV3,1,15.62,-0.007624
2026-09-11,ALOS3,1,28.63,-0.015136
2026-09-11,AURA33,1,146.76,0.008729
2026-09-11,AXIA3,1,54.8,-0.016158
2026-09-11,AZZA3,1,16.43,-0.033529
2026-09-11,BBAS3,1,22.49,-0.013596
2026-09-11,BBDC3,1,16.32,0.004926
2026-09-11,BBDC4,1,18.59,0.005952
2026-09-11,BBSE3,1,39.5,-0.041262
2026-09-11,BEEF3,1,4.13,0.037688
2026-09-11,BOVA11,1,183.85,-0.007343
2026-09-11,BPAC11,1,60.82,0.006121
2026-09-11,BRAP4,1,22.54,0.007149
2026-09-11,BRAV3,0,18.29,-0.027645
2026-09-11,BRSR6,1,15.0699,-0.009715
2026-09-11,CEAB3,0,9.35,-0.001068
2026-09-11,CMIN3,1,6.72,-0.038627
2026-09-11,COGN3,1,2.33,-0.021008
2026-09-11,CPLE3,1,15.96,-0.011152
2026-09-11,CSAN3,1,3.7,-0.038961
2026-09-11,CSMG3,0,55.95,-0.012879
2026-09-11,CSNA3,1,6.66,-0.073714
2026-09-11,CVCB3,1,1.61,0.00625
2026-09-11,CXSE3,1,19.82,-0.024126
2026-09-11,CYRE3,1,25.97,-0.007642
2026-09-11,DIRR3,0,10.47,-0.042962
2026-09-11,ECOR3,1,8.14,-0.009732
2026-09-11,EGIE3,1,30.75,-0.008065
2026-09-11,EMBJ3,1,96.94,0.011689
2026-09-11,ENEV3,1,27.36,-0.011561
2026-09-11,ENGI11,1,51.61,-0.00386
2026-09-11,EQTL3,1,39.65,-0.011222
2026-09-11,EZTC3,1,13.09,-0.003805
2026-09-11,FLRY3,1,21.06,0.004771
2026-09-11,GMAT3,1,4.88,0.010352
2026-09-11,GRND3,1,3.74,-0.007958
2026-09-11,HAPV3,0,6.73,-0.080601
2026-09-11,HYPE3,1,22.76,-0.003503
2026-09-11,IGTI11,1,26.07,-0.017339
2026-09-11,IRBR3,1,60.43,0.000331
2026-09-11,ITSA4,1,14.19,0.001411
2026-09-11,ITUB3,1,46.63,0.00539
2026-09-11,ITUB4,1,42.73,0.008973
2026-09-11,JHSF3,1,12.16,0.015025
2026-09-11,KLBN11,1,19.54,-0.001533
2026-09-11,MBRF3,1,17.09,0.008855
2026-09-11,MGLU3,1,5.76,-0.030303
2026-09-11,MOVI3,0,7.98,-0.014815
2026-09-11,MRVE3,1,5.74,0.003497
2026-09-11,MULT3,1,30.07,-0.01053
2026-09-11,ORVR3,0,17.4,-0.013046
2026-09-11,PETR4,1,49.0,-0.002443
2026-09-11,POMO4,0,4.5,-0.017467
2026-09-11,PSSA3,0,50.67,-0.012281
2026-09-11,QUAL3,0,1.52,0.020134
2026-09-11,RAIL3,1,14.83,-0.008027
2026-09-11,RAIZ4,0,0.28,0.0
2026-09-11,RAPT4,1,5.13,0.001953
2026-09-11,RDOR3,1,37.61,-0.011823
2026-09-11,RECV3,1,11.36,-0.029889
2026-09-11,RENT3,0,35.8,-0.027438
2026-09-11,ROXO34,1,12.45,-0.019685
2026-09-11,SBSP3,0,27.04,-0.009161
2026-09-11,SIMH3,1,7.59,-0.038023
2026-09-11,SLCE3,1,17.94,-0.026587
2026-09-11,SMAL11,1,110.83,-0.01309
2026-09-11,SMFT3,0,17.35,-0.024733
2026-09-11,SUZB3,1,47.81,-0.006029
2026-09-11,TAEE11,1,40.73,-0.013563
2026-09-11,TIMS3,0,19.37,-0.0087
2026-09-11,TOTS3,1,32.94,-0.001818
2026-09-11,USIM5,0,7.38,-0.035294
2026-09-11,VALE3,1,78.2,-0.000384
2026-09-11,VAMO3,1,3.27,-0.049419
2026-09-11,VBBR3,1,37.55,-0.018301
2026-09-11,VIVA3,1,22.33,-0.018462
2026-09-11,VIVT3,0,30.27,-0.006238
2026-09-11,WEGE3,1,51.49,-0.013034
2026-09-11,WIZC3,0,7.82,-0.029777
2026-09-11,XPBR31,1,101.5,0.00515
2026-09-11,YDUQ3,1,9.91,-0.017839
2026-09-14,ABEV3,1,15.87,0.016005
2026-09-14,ALOS3,1,28.44,-0.006636
2026-09-14,AURA33,1,147.2,0.002998
2026-09-14,AXIA3,1,55.07,0.004927
2026-09-14,AZZA3,0,15.77,-0.04017
2026-09-14,BBAS3,1,22.12,-0.016452
2026-09-14,BBDC3,1,16.17,-0.009191
2026-09-14,BBDC4,1,18.33,-0.013986
2026-09-14,BBSE3,1,39.77,0.006835
2026-09-14,BEEF3,1,4.08,-0.012107
2026-09-14,BOVA11,1,182.55,-0.007071
2026-09-14,BPAC11,1,60.48,-0.00559
2026-09-14,BRAP4,1,21.64,-0.039929
2026-09-14,BRAV3,0,17.75,-0.029524
2026-09-14,BRSR6,1,14.98,-0.005968
2026-09-14,CEAB3,0,9.35,0.0
2026-09-14,CMIN3,1,6.26,-0.068452
2026-09-14,COGN3,1,2.34,0.004292
2026-09-14,CPLE3,1,15.92,-0.002506
2026-09-14,CSAN3,0,3.61,-0.024324
2026-09-14,CSMG3,0,56.87,0.016443
2026-09-14,CSNA3,1,6.35,-0.046547
2026-09-14,CVCB3,1,1.61,0.0
2026-09-14,CXSE3,1,19.93,0.00555
2026-09-14,CYRE3,1,25.33,-0.024644
2026-09-14,DIRR3,0,10.13,-0.032474
2026-09-14,ECOR3,1,7.84,-0.036855
2026-09-14,EGIE3,1,30.46,-0.009431
2026-09-14,EMBJ3,1,96.52,-0.004333
2026-09-14,ENEV3,1,26.94,-0.015351
2026-09-14,ENGI11,1,51.35,-0.005038
2026-09-14,EQTL3,1,39.48,-0.004288
2026-09-14,EZTC3,1,12.86,-0.017571
2026-09-14,FLRY3,1,21.4,0.016144
2026-09-14,GMAT3,1,4.88,0.0
2026-09-14,GRND3,1,3.76,0.005348
2026-09-14,HAPV3,0,6.72,-0.001486
2026-09-14,HYPE3,1,23.53,0.033831
2026-09-14,IGTI11,1,25.76,-0.011891
2026-09-14,IRBR3,1,61.93,0.024822
2026-09-14,ITSA4,1,14.05,-0.009866
2026-09-14,ITUB3,1,46.25,-0.008149
2026-09-14,ITUB4,1,42.35,-0.008893
2026-09-14,JHSF3,1,11.83,-0.027138
2026-09-14,KLBN11,1,19.22,-0.016377
2026-09-14,MBRF3,1,17.21,0.007022
2026-09-14,MGLU3,1,5.57,-0.032986
2026-09-14,MOVI3,0,7.8,-0.022556
2026-09-14,MRVE3,1,5.55,-0.033101
2026-09-14,MULT3,1,29.83,-0.007981
2026-09-14,ORVR3,0,17.5,0.005747
2026-09-14,PETR4,1,48.92,-0.001633
2026-09-14,POMO4,0,4.43,-0.015556
2026-09-14,PSSA3,0,50.04,-0.012433
2026-09-14,QUAL3,0,1.5,-0.013158
2026-09-14,RAIL3,1,14.54,-0.019555
2026-09-14,RAIZ4,0,0.27,-0.035714
2026-09-14,RAPT4,1,5.04,-0.017544
2026-09-14,RDOR3,1,37.05,-0.01489
2026-09-14,RECV3,1,11.37,0.00088
2026-09-14,RENT3,0,35.59,-0.005866
2026-09-14,ROXO34,1,12.26,-0.015261
2026-09-14,SBSP3,0,26.84,-0.007396
2026-09-14,SIMH3,1,7.52,-0.009223
2026-09-14,SLCE3,1,17.35,-0.032887
2026-09-14,SMAL11,1,110.0,-0.007489
2026-09-14,SMFT3,0,17.09,-0.014986
2026-09-14,SUZB3,1,47.3,-0.010667
2026-09-14,TAEE11,1,40.51,-0.005401
2026-09-14,TIMS3,0,19.6,0.011874
2026-09-14,TOTS3,1,34.37,0.043412
2026-09-14,USIM5,0,7.03,-0.047425
2026-09-14,VALE3,1,75.48,-0.034783
2026-09-14,VAMO3,1,3.24,-0.009174
2026-09-14,VBBR3,1,37.7,0.003995
2026-09-14,VIVA3,1,22.4,0.003135
2026-09-14,VIVT3,0,30.51,0.007929
2026-09-14,WEGE3,1,50.74,-0.014566
2026-09-14,WIZC3,0,7.87,0.006394
2026-09-14,XPBR31,1,101.59,0.000887
2026-09-14,YDUQ3,1,9.92,0.001009
2026-09-15,ABEV3,1,15.73,-0.008822
2026-09-15,ALOS3,1,28.53,0.003165
2026-09-15,AURA33,1,147.46,0.001766
2026-09-15,AXIA3,1,54.94,-0.002361
2026-09-15,AZZA3,0,15.3,-0.029803
2026-09-15,BBAS3,1,22.04,-0.003617
2026-09-15,BBDC3,1,16.09,-0.004947
2026-09-15,BBDC4,1,18.2,-0.007092
2026-09-15,BBSE3,1,40.16,0.009806
2026-09-15,BEEF3,1,4.04,-0.009804
2026-09-15,BOVA11,1,183.89,0.00734
2026-09-15,BPAC11,1,60.2,-0.00463
2026-09-15,BRAP4,1,21.48,-0.007394
2026-09-15,BRAV3,0,17.91,0.009014
2026-09-15,BRSR6,1,15.06,0.005341
2026-09-15,CEAB3,0,9.26,-0.009626
2026-09-15,CMIN3,1,6.2,-0.009585
2026-09-15,COGN3,1,2.39,0.021368
2026-09-15,CPLE3,1,15.94,0.001256
2026-09-15,CSAN3,0,3.54,-0.019391
2026-09-15,CSMG3,0,57.25,0.006682
2026-09-15,CSNA3,1,6.21,-0.022047
2026-09-15,CVCB3,1,1.57,-0.024845
2026-09-15,CXSE3,1,20.17,0.012042
2026-09-15,CYRE3,1,25.9,0.022503
2026-09-15,DIRR3,0,10.27,0.01382
2026-09-15,ECOR3,1,8.09,0.031888
2026-09-15,EGIE3,1,30.52,0.00197
2026-09-15,EMBJ3,1,96.22,-0.003108
2026-09-15,ENEV3,1,26.98,0.001485
2026-09-15,ENGI11,1,51.53,0.003505
2026-09-15,EQTL3,1,39.54,0.00152
2026-09-15,EZTC3,1,13.1,0.018663
2026-09-15,FLRY3,1,21.28,-0.005607
2026-09-15,GMAT3,1,4.85,-0.006148
2026-09-15,GRND3,1,3.71,-0.013298
2026-09-15,HAPV3,0,6.63,-0.013393
2026-09-15,HYPE3,1,23.38,-0.006375
2026-09-15,IGTI11,1,25.85,0.003494
2026-09-15,IRBR3,1,60.97,-0.015501
2026-09-15,ITSA4,1,14.16,0.007829
2026-09-15,ITUB3,1,46.7,0.00973
2026-09-15,ITUB4,1,42.67,0.007556
2026-09-15,JHSF3,1,11.56,-0.022823
2026-09-15,KLBN11,1,19.42,0.010406
2026-09-15,MBRF3,1,17.35,0.008135
2026-09-15,MGLU3,1,5.57,0.0
2026-09-15,MOVI3,0,7.84,0.005128
2026-09-15,MRVE3,1,5.69,0.025225
2026-09-15,MULT3,1,30.19,0.012068
2026-09-15,ORVR3,0,17.08,-0.024
2026-09-15,PETR4,1,50.43,0.030867
2026-09-15,POMO4,0,4.43,0.0
2026-09-15,PSSA3,0,50.45,0.008193
2026-09-15,QUAL3,0,1.59,0.06
2026-09-15,RAIL3,1,14.7,0.011004
2026-09-15,RAIZ4,0,0.27,0.0
2026-09-15,RAPT4,1,5.09,0.009921
2026-09-15,RDOR3,1,36.94,-0.002969
2026-09-15,RECV3,1,11.37,0.0
2026-09-15,RENT3,0,35.68,0.002529
2026-09-15,ROXO34,1,12.14,-0.009788
2026-09-15,SBSP3,0,26.93,0.003353
2026-09-15,SIMH3,1,7.5,-0.00266
2026-09-15,SLCE3,1,17.97,0.035735
2026-09-15,SMAL11,1,110.0,0.0
2026-09-15,SMFT3,0,17.1,0.000585
2026-09-15,SUZB3,1,47.56,0.005497
2026-09-15,TAEE11,1,40.8,0.007159
2026-09-15,TIMS3,0,19.64,0.002041
2026-09-15,TOTS3,1,33.83,-0.015711
2026-09-15,USIM5,0,7.26,0.032717
2026-09-15,VALE3,1,74.6,-0.011659
2026-09-15,VAMO3,1,3.31,0.021605
2026-09-15,VBBR3,1,38.76,0.028117
2026-09-15,VIVA3,1,22.44,0.001786
2026-09-15,VIVT3,0,30.77,0.008522
2026-09-15,WEGE3,1,50.88,0.002759
2026-09-15,WIZC3,0,7.97,0.012706
2026-09-15,XPBR31,1,100.27,-0.012993
2026-09-15,YDUQ3,1,10.15,0.023185
2026-09-16,ABEV3,1,15.63,-0.006357
2026-09-16,ALOS3,1,28.46,-0.002454
2026-09-16,AURA33,1,148.4,0.006375
2026-09-16,AXIA3,1,55.23,0.005279
2026-09-16,AZZA3,0,15.03,-0.017647
2026-09-16,BBAS3,1,22.71,0.030399
2026-09-16,BBDC3,1,16.09,0.0
2026-09-16,BBDC4,1,18.21,0.000549
2026-09-16,BBSE3,1,40.59,0.010707
2026-09-16,BEEF3,1,4.0,-0.009901
2026-09-16,BOVA11,1,,
2026-09-16,BPAC11,1,60.83,0.010465
2026-09-16,BRAP4,0,20.85,-0.02933
2026-09-16,BRAV3,0,17.73,-0.01005
2026-09-16,BRSR6,1,15.09,0.001992
2026-09-16,CEAB3,0,9.22,-0.00432
2026-09-16,CMIN3,1,6.08,-0.019355
2026-09-16,COGN3,1,2.35,-0.016736
2026-09-16,CPLE3,1,16.08,0.008783
2026-09-16,CSAN3,0,3.65,0.031073
2026-09-16,CSMG3,0,56.7,-0.009607
2026-09-16,CSNA3,1,6.46,0.040258
2026-09-16,CVCB3,1,1.53,-0.025478
2026-09-16,CXSE3,1,20.56,0.019336
2026-09-16,CYRE3,1,26.62,0.027799
2026-09-16,DIRR3,0,10.08,-0.018501
2026-09-16,ECOR3,1,8.22,0.016069
2026-09-16,EGIE3,1,30.65,0.004259
2026-09-16,EMBJ3,1,95.29,-0.009665
2026-09-16,ENEV3,1,27.0,0.000741
2026-09-16,ENGI11,1,52.21,0.013196
2026-09-16,EQTL3,1,39.56,0.000506
2026-09-16,EZTC3,1,13.35,0.019084
2026-09-16,FLRY3,1,21.35,0.003289
2026-09-16,GMAT3,1,4.9,0.010309
2026-09-16,GRND3,1,3.7,-0.002695
2026-09-16,HAPV3,0,6.49,-0.021116
2026-09-16,HYPE3,1,23.55,0.007271
2026-09-16,IGTI11,1,25.86,0.000387
2026-09-16,IRBR3,1,60.78,-0.003116
2026-09-16,ITSA4,1,14.2,0.002825
2026-09-16,ITUB3,1,46.67,-0.000642
2026-09-16,ITUB4,1,42.62,-0.001172
2026-09-16,JHSF3,1,11.74,0.015571
2026-09-16,KLBN11,1,19.4,-0.00103
2026-09-16,MBRF3,1,17.01,-0.019597
2026-09-16,MGLU3,1,5.94,0.066427
2026-09-16,MOVI3,1,8.0,0.020408
2026-09-16,MRVE3,1,5.71,0.003515
2026-09-16,MULT3,1,30.06,-0.004306
2026-09-16,ORVR3,0,16.91,-0.009953
2026-09-16,PETR4,1,48.65,-0.035296
2026-09-16,POMO4,0,4.53,0.022573
2026-09-16,PSSA3,0,49.87,-0.011497
2026-09-16,QUAL3,1,1.65,0.037736
2026-09-16,RAIL3,1,14.85,0.010204
2026-09-16,RAIZ4,0,0.28,0.037037
2026-09-16,RAPT4,1,5.09,0.0
2026-09-16,RDOR3,1,37.28,0.009204
2026-09-16,RECV3,1,11.04,-0.029024
2026-09-16,RENT3,0,36.44,0.0213
2026-09-16,ROXO34,0,11.74,-0.032949
2026-09-16,SBSP3,0,27.09,0.005941
2026-09-16,SIMH3,1,7.63,0.017333
2026-09-16,SLCE3,1,17.75,-0.012243
2026-09-16,SMAL11,1,,
2026-09-16,SMFT3,0,17.12,0.00117
2026-09-16,SUZB3,1,46.7,-0.018082
2026-09-16,TAEE11,1,41.05,0.006127
2026-09-16,TIMS3,0,19.58,-0.003055
2026-09-16,TOTS3,1,34.24,0.012119
2026-09-16,USIM5,0,7.03,-0.03168
2026-09-16,VALE3,0,73.0,-0.021448
2026-09-16,VAMO3,1,3.33,0.006042
2026-09-16,VBBR3,1,39.06,0.00774
2026-09-16,VIVA3,1,22.72,0.012478
2026-09-16,VIVT3,0,30.71,-0.00195
2026-09-16,WEGE3,1,51.28,0.007862
2026-09-16,WIZC3,0,7.95,-0.002509
2026-09-16,XPBR31,1,102.36,0.020844
2026-09-16,YDUQ3,1,10.1,-0.004926
2026-09-17,ABEV3,1,15.4785,-0.005118
2026-09-17,ALOS3,1,28.29,-0.005973
2026-09-17,AURA33,1,151.65,0.0219
2026-09-17,AXIA3,1,55.4,0.003078
2026-09-17,AZZA3,0,14.81,-0.014637
2026-09-17,BBAS3,1,22.78,0.003082
2026-09-17,BBDC3,1,16.03,-0.003729
2026-09-17,BBDC4,1,18.15,-0.003295
2026-09-17,BBSE3,1,40.41,-0.004435
2026-09-17,BEEF3,1,3.81,-0.0475
2026-09-17,BOVA11,1,183.28,0.003394
2026-09-17,BPAC11,1,61.14,0.005096
2026-09-17,BRAP4,0,21.36,0.02446
2026-09-17,BRAV3,0,17.52,-0.011844
2026-09-17,BRSR6,1,15.11,0.001325
2026-09-17,CEAB3,0,8.89,-0.035792
2026-09-17,CMIN3,1,5.74,-0.055921
2026-09-17,COGN3,1,2.29,-0.025532
2026-09-17,CPLE3,1,16.11,0.001866
2026-09-17,CSAN3,0,3.67,0.005479
2026-09-17,CSMG3,0,55.8181,-0.011111
2026-09-17,CSNA3,1,6.25,-0.032508
2026-09-17,CVCB3,1,1.42,-0.071895
2026-09-17,CXSE3,1,20.54,-0.000973
2026-09-17,CYRE3,1,25.68,-0.035312
2026-09-17,DIRR3,0,10.07,-0.000992
2026-09-17,ECOR3,1,8.2,-0.002433
2026-09-17,EGIE3,1,30.88,0.007504
2026-09-17,EMBJ3,1,95.3999,0.003358
2026-09-17,ENEV3,1,27.56,0.020741
2026-09-17,ENGI11,1,52.11,-0.001915
2026-09-17,EQTL3,1,39.17,-0.009859
2026-09-17,EZTC3,1,12.95,-0.029963
2026-09-17,FLRY3,1,21.45,0.004684
2026-09-17,GMAT3,1,4.93,0.006122
2026-09-17,GRND3,1,3.65,-0.013514
2026-09-17,HAPV3,0,6.39,-0.015408
2026-09-17,HYPE3,1,23.59,0.001699
2026-09-17,IGTI11,1,25.57,-0.011214
2026-09-17,IRBR3,1,60.98,0.003291
2026-09-17,ITSA4,1,14.17,-0.002113
2026-09-17,ITUB3,1,46.78,0.002357
2026-09-17,ITUB4,1,42.58,-0.000938
2026-09-17,JHSF3,1,11.33,-0.034923
2026-09-17,KLBN11,1,19.63,0.011856
2026-09-17,MBRF3,1,16.67,-0.019988
2026-09-17,MGLU3,1,5.79,-0.025253
2026-09-17,MOVI3,1,8.01,0.00125
2026-09-17,MRVE3,1,5.43,-0.049037
2026-09-17,MULT3,1,29.62,-0.014637
2026-09-17,ORVR3,0,16.92,0.000591
2026-09-17,PETR4,1,48.61,-0.000822
2026-09-17,POMO4,0,4.3,-0.050773
2026-09-17,PSSA3,0,49.42,-0.009023
2026-09-17,QUAL3,1,1.67,0.012121
2026-09-17,RAIL3,1,14.94,0.006061
2026-09-17,RAIZ4,0,0.27,-0.035714
2026-09-17,RAPT4,1,4.99,-0.019646
2026-09-17,RDOR3,1,37.13,-0.004024
2026-09-17,RECV3,1,11.22,0.016304
2026-09-17,RENT3,0,36.7,0.007135
2026-09-17,ROXO34,0,11.85,0.00937
2026-09-17,SBSP3,0,27.03,-0.002215
2026-09-17,SIMH3,1,7.41,-0.028834
2026-09-17,SLCE3,1,17.96,0.011831
2026-09-17,SMAL11,1,109.69,-0.00553
2026-09-17,SMFT3,0,16.93,-0.011098
2026-09-17,SUZB3,1,47.4,0.014989
2026-09-17,TAEE11,1,41.5,0.010962
2026-09-17,TIMS3,0,19.48,-0.005107
2026-09-17,TOTS3,1,34.65,0.011974
2026-09-17,USIM5,0,7.09,0.008535
2026-09-17,VALE3,0,74.51,0.020685
2026-09-17,VAMO3,1,3.35,0.006006
2026-09-17,VBBR3,1,39.0146,0.009473
2026-09-17,VIVA3,1,22.39,-0.014525
2026-09-17,VIVT3,0,30.9,0.006187
2026-09-17,WEGE3,1,50.9742,-0.0039
2026-09-17,WIZC3,0,7.9,-0.006289
2026-09-17,XPBR31,1,103.55,0.011626
2026-09-17,YDUQ3,1,10.41,0.030693
2026-09-18,ABEV3,1,15.3093,-0.010932
2026-09-18,ALOS3,1,28.87,0.020502
2026-09-18,AURA33,1,149.5,-0.014177
2026-09-18,AXIA3,1,53.8,-0.028881
2026-09-18,AZZA3,0,14.3,-0.034436
2026-09-18,BBAS3,1,23.2,0.018437
2026-09-18,BBDC3,1,15.79,-0.014972
2026-09-18,BBDC4,1,17.99,-0.008815
2026-09-18,BBSE3,1,40.86,0.011136
2026-09-18,BEEF3,1,3.98,0.044619
2026-09-18,BOVA11,1,182.47,-0.004419
2026-09-18,BPAC11,1,61.4,0.004253
2026-09-18,BRAP4,0,21.2,-0.007491
2026-09-18,BRAV3,0,17.35,-0.009703
2026-09-18,BRSR6,1,14.87,-0.015884
2026-09-18,CEAB3,0,8.94,0.005624
2026-09-18,CMIN3,0,5.46,-0.04878
2026-09-18,COGN3,1,2.26,-0.0131
2026-09-18,CPLE3,1,15.99,-0.007449
2026-09-18,CSAN3,0,3.65,-0.00545
2026-09-18,CSMG3,0,56.276,0.008204
2026-09-18,CSNA3,1,5.85,-0.064
2026-09-18,CVCB3,0,1.39,-0.021127
2026-09-18,CXSE3,1,20.64,0.004868
2026-09-18,CYRE3,1,26.67,0.038551
2026-09-18,DIRR3,0,10.05,-0.001986
2026-09-18,ECOR3,1,8.27,0.008537
2026-09-18,EGIE3,1,30.39,-0.015868
2026-09-18,EMBJ3,1,96.8667,0.015375
2026-09-18,ENEV3,1,27.13,-0.015602
2026-09-18,ENGI11,1,52.08,-0.000576
2026-09-18,EQTL3,1,39.57,0.010212
2026-09-18,EZTC3,1,13.38,0.033205
2026-09-18,FLRY3,1,21.38,-0.003263
2026-09-18,GMAT3,1,4.91,-0.004057
2026-09-18,GRND3,1,3.67,0.005479
2026-09-18,HAPV3,0,6.21,-0.028169
2026-09-18,HYPE3,1,23.8,0.008902
2026-09-18,IGTI11,1,26.22,0.02542
2026-09-18,IRBR3,1,62.0,0.016727
2026-09-18,ITSA4,1,14.03,-0.00988
2026-09-18,ITUB3,1,46.37,-0.008764
2026-09-18,ITUB4,1,42.33,-0.005871
2026-09-18,JHSF3,1,11.4,0.006178
2026-09-18,KLBN11,1,19.14,-0.024962
2026-09-18,MBRF3,1,16.85,0.010798
2026-09-18,MGLU3,1,5.85,0.010363
2026-09-18,MOVI3,1,7.89,-0.014981
2026-09-18,MRVE3,1,5.23,-0.036832
2026-09-18,MULT3,1,30.65,0.034774
2026-09-18,ORVR3,0,16.89,-0.001773
2026-09-18,PETR4,1,48.5,-0.002263
2026-09-18,POMO4,0,4.28,-0.004651
2026-09-18,PSSA3,0,49.11,-0.006273
2026-09-18,QUAL3,1,1.65,-0.011976
2026-09-18,RAIL3,1,14.97,0.002008
2026-09-18,RAIZ4,0,0.26,-0.037037
2026-09-18,RAPT4,1,4.93,-0.012024
2026-09-18,RDOR3,1,37.23,0.002693
2026-09-18,RECV3,1,11.02,-0.017825
2026-09-18,RENT3,0,36.2,-0.013624
2026-09-18,ROXO34,0,11.71,-0.011814
2026-09-18,SBSP3,0,27.31,0.010359
2026-09-18,SIMH3,1,7.63,0.02969
2026-09-18,SLCE3,1,17.68,-0.01559
2026-09-18,SMAL11,1,109.69,0.0
2026-09-18,SMFT3,0,17.0,0.004135
2026-09-18,SUZB3,1,47.99,0.012447
2026-09-18,TAEE11,1,41.91,0.00988
2026-09-18,TIMS3,0,19.46,-0.001027
2026-09-18,TOTS3,1,34.3,-0.010101
2026-09-18,USIM5,0,6.9,-0.026798
2026-09-18,VALE3,0,73.37,-0.0153
2026-09-18,VAMO3,1,3.45,0.029851
2026-09-18,VBBR3,1,39.2224,0.005326
2026-09-18,VIVA3,1,22.58,0.008486
2026-09-18,VIVT3,0,30.95,0.001618
2026-09-18,WEGE3,1,51.6728,0.013704
2026-09-18,WIZC3,0,8.04,0.017722
2026-09-18,XPBR31,1,102.46,-0.010526
2026-09-18,YDUQ3,1,10.6,0.018252
2026-09-21,ABEV3,1,15.4287,0.007802
2026-09-21,ALOS3,1,29.7,0.02875
2026-09-21,AURA33,1,150.04,0.003612
2026-09-21,AXIA3,1,55.15,0.025093
2026-09-21,AZZA3,0,14.98,0.047552
2026-09-21,BBAS3,1,22.99,-0.009052
2026-09-21,BBDC3,1,16.02,0.014566
2026-09-21,BBDC4,1,18.16,0.00945
2026-09-21,BBSE3,1,39.82,-0.025453
2026-09-21,BEEF3,1,3.92,-0.015075
2026-09-21,BOVA11,1,183.95,0.008111
2026-09-21,BPAC11,1,63.5,0.034202
2026-09-21,BRAP4,0,20.91,-0.013679
2026-09-21,BRAV3,0,17.4,0.002882
2026-09-21,BRSR6,1,15.16,0.019502
2026-09-21,CEAB3,1,9.53,0.065996
2026-09-21,CMIN3,0,5.38,-0.014652
2026-09-21,COGN3,1,2.37,0.048673
2026-09-21,CPLE3,1,16.1,0.006879
2026-09-21,CSAN3,0,3.75,0.027397
2026-09-21,CSMG3,0,56.6444,0.006545
2026-09-21,CSNA3,1,6.23,0.064957
2026-09-21,CVCB3,0,1.41,0.014388
2026-09-21,CXSE3,1,20.59,-0.002422
2026-09-21,CYRE3,1,27.65,0.036745
2026-09-21,DIRR3,0,10.18,0.012935
2026-09-21,ECOR3,1,8.73,0.055623
2026-09-21,EGIE3,1,30.32,-0.002303
2026-09-21,EMBJ3,1,98.2337,0.014112
2026-09-21,ENEV3,1,27.97,0.030962
2026-09-21,ENGI11,1,52.81,0.014017
2026-09-21,EQTL3,1,40.2,0.015921
2026-09-21,EZTC3,1,13.82,0.032885
2026-09-21,FLRY3,1,21.98,0.028064
2026-09-21,GMAT3,1,4.9,-0.002037
2026-09-21,GRND3,1,3.75,0.021798
2026-09-21,HAPV3,0,6.71,0.080515
2026-09-21,HYPE3,1,24.12,0.013445
2026-09-21,IGTI11,1,26.95,0.027841
2026-09-21,IRBR3,1,63.43,0.023065
2026-09-21,ITSA4,1,14.34,0.022096
2026-09-21,ITUB3,1,47.16,0.017037
2026-09-21,ITUB4,1,43.08,0.017718
2026-09-21,JHSF3,1,11.65,0.02193
2026-09-21,KLBN11,1,19.19,0.002612
2026-09-21,MBRF3,1,16.84,-0.000593
2026-09-21,MGLU3,1,5.98,0.022222
2026-09-21,MOVI3,1,8.45,0.070976
2026-09-21,MRVE3,1,5.26,0.005736
2026-09-21,MULT3,1,31.52,0.028385
2026-09-21,ORVR3,0,17.2,0.018354
2026-09-21,PETR4,1,48.0,-0.010309
2026-09-21,POMO4,0,4.23,-0.011682
2026-09-21,PSSA3,0,49.46,0.007127
2026-09-21,QUAL3,1,1.71,0.036364
2026-09-21,RAIL3,1,15.41,0.029392
2026-09-21,RAIZ4,0,0.27,0.038462
2026-09-21,RAPT4,1,5.14,0.042596
2026-09-21,RDOR3,1,38.12,0.023905
2026-09-21,RECV3,1,10.85,-0.015427
2026-09-21,RENT3,1,37.44,0.034254
2026-09-21,ROXO34,0,11.87,0.013664
2026-09-21,SBSP3,1,27.94,0.023069
2026-09-21,SIMH3,1,8.27,0.083879
2026-09-21,SLCE3,1,17.56,-0.006787
2026-09-21,SMAL11,1,112.0,0.021059
2026-09-21,SMFT3,0,17.46,0.027059
2026-09-21,SUZB3,1,47.25,-0.01542
2026-09-21,TAEE11,1,41.64,-0.006442
2026-09-21,TIMS3,0,19.46,0.0
2026-09-21,TOTS3,1,34.94,0.018659
2026-09-21,USIM5,0,6.91,0.001449
2026-09-21,VALE3,0,72.55,-0.011176
2026-09-21,VAMO3,1,3.66,0.06087
2026-09-21,VBBR3,1,39.2026,-0.000504
2026-09-21,VIVA3,1,23.82,0.054916
2026-09-21,VIVT3,0,30.73,-0.007108
2026-09-21,WEGE3,1,51.08,-0.011472
2026-09-21,WIZC3,0,8.0,-0.004975
2026-09-21,XPBR31,1,106.49,0.039332
2026-09-21,YDUQ3,1,11.14,0.050943
2026-09-22,ABEV3,1,15.6,0.011103
2026-09-22,ALOS3,1,29.4281,0.000673
2026-09-22,AURA33,1,156.98,0.046254
2026-09-22,AXIA3,1,55.85,0.012693
2026-09-22,AZZA3,0,14.87,-0.007343
2026-09-22,BBAS3,1,22.67,-0.013919
2026-09-22,BBDC3,1,16.3,0.017478
2026-09-22,BBDC4,1,18.43,0.014868
2026-09-22,BBSE3,1,39.35,-0.011803
2026-09-22,BEEF3,1,4.02,0.02551
2026-09-22,BOVA11,1,184.3,0.001903
2026-09-22,BPAC11,1,63.95,0.007087
2026-09-22,BRAP4,0,21.32,0.019608
2026-09-22,BRAV3,0,17.89,0.028161
2026-09-22,BRSR6,1,15.49,0.021768
2026-09-22,CEAB3,1,9.42,-0.011542
2026-09-22,CMIN3,0,5.27,-0.020446
2026-09-22,COGN3,1,2.4,0.012658
2026-09-22,CPLE3,1,16.14,0.002484
2026-09-22,CSAN3,0,3.74,-0.002667
2026-09-22,CSMG3,0,56.3,-0.006079
2026-09-22,CSNA3,1,6.28,0.008026
2026-09-22,CVCB3,0,1.4,-0.007092
2026-09-22,CXSE3,1,20.43,-0.007771
2026-09-22,CYRE3,1,27.13,-0.018807
2026-09-22,DIRR3,0,10.23,0.004912
2026-09-22,ECOR3,1,8.57,-0.018328
2026-09-22,EGIE3,1,30.65,0.010884
2026-09-22,EMBJ3,1,98.4,0.001693
2026-09-22,ENEV3,1,27.7,-0.009653
2026-09-22,ENGI11,1,53.03,0.004166
2026-09-22,EQTL3,1,40.54,0.008458
2026-09-22,EZTC3,1,13.8,-0.001447
2026-09-22,FLRY3,1,22.11,0.005915
2026-09-22,GMAT3,1,5.03,0.026531
2026-09-22,GRND3,1,3.77,0.005333
2026-09-22,HAPV3,0,6.8,0.013413
2026-09-22,HYPE3,1,24.99,0.03607
2026-09-22,IGTI11,1,26.81,-0.005195
2026-09-22,IRBR3,1,63.33,-0.001577
2026-09-22,ITSA4,1,14.38,0.002789
2026-09-22,ITUB3,1,47.28,0.002545
2026-09-22,ITUB4,1,43.18,0.002321
2026-09-22,JHSF3,1,11.84,0.016309
2026-09-22,KLBN11,1,19.29,0.005211
2026-09-22,MBRF3,1,17.25,0.024347
2026-09-22,MGLU3,1,5.9,-0.013378
2026-09-22,MOVI3,1,8.44,-0.001183
2026-09-22,MRVE3,1,5.31,0.009506
2026-09-22,MULT3,1,31.44,-0.002538
2026-09-22,ORVR3,0,17.08,-0.006977
2026-09-22,PETR4,1,48.35,0.007292
2026-09-22,POMO4,0,4.2,-0.007092
2026-09-22,PSSA3,0,47.9058,-0.020825
2026-09-22,QUAL3,1,1.69,-0.011696
2026-09-22,RAIL3,1,15.66,0.016223
2026-09-22,RAIZ4,1,0.28,0.037037
2026-09-22,RAPT4,1,5.14,0.0
2026-09-22,RDOR3,1,38.41,0.007608
2026-09-22,RECV3,1,10.94,0.008295
2026-09-22,RENT3,1,37.9,0.012286
2026-09-22,ROXO34,0,12.03,0.013479
2026-09-22,SBSP3,1,27.56,-0.013601
2026-09-22,SIMH3,1,8.02,-0.03023
2026-09-22,SLCE3,1,17.99,0.024487
2026-09-22,SMAL11,1,112.04,0.000357
2026-09-22,SMFT3,0,17.23,-0.013173
2026-09-22,SUZB3,1,48.58,0.028148
2026-09-22,TAEE11,1,41.73,0.002161
2026-09-22,TIMS3,0,19.1233,-0.006167
2026-09-22,TOTS3,1,35.7585,0.027762
2026-09-22,USIM5,0,7.08,0.024602
2026-09-22,VALE3,0,72.83,0.003859
2026-09-22,VAMO3,1,3.68,0.005464
2026-09-22,VBBR3,1,39.7,0.012687
2026-09-22,VIVA3,1,22.78,-0.043661
2026-09-22,VIVT3,0,30.69,-0.001302
2026-09-22,WEGE3,1,51.8,0.014095
2026-09-22,WIZC3,0,7.92,-0.01
2026-09-22,XPBR31,1,108.39,0.017842
2026-09-22,YDUQ3,1,11.21,0.006284
2026-09-23,ABEV3,1,15.3,-0.019231
2026-09-23,ALOS3,1,29.34,-0.002993
2026-09-23,AURA33,1,147.5,-0.06039
2026-09-23,AXIA3,1,55.35,-0.008953
2026-09-23,AZZA3,0,14.9,0.002017
2026-09-23,BBAS3,1,22.17,-0.022056
2026-09-23,BBDC3,1,15.9331,-0.021472
2026-09-23,BBDC4,1,18.0115,-0.021704
2026-09-23,BBSE3,0,38.86,-0.012452
2026-09-23,BEEF3,1,4.02,0.0
2026-09-23,BOVA11,1,182.86,-0.007813
2026-09-23,BPAC11,1,63.65,-0.004691
2026-09-23,BRAP4,0,20.57,-0.035178
2026-09-23,BRAV3,0,17.6,-0.01621
2026-09-23,BRSR6,1,15.43,-0.003873
2026-09-23,CEAB3,1,9.35,-0.007431
2026-09-23,CMIN3,0,5.1,-0.032258
2026-09-23,COGN3,1,2.3,-0.041667
2026-09-23,CPLE3,1,15.79,-0.021685
2026-09-23,CSAN3,1,3.89,0.040107
2026-09-23,CSMG3,0,56.53,0.004085
2026-09-23,CSNA3,1,6.05,-0.036624
2026-09-23,CVCB3,0,1.37,-0.021429
2026-09-23,CXSE3,1,20.11,-0.015663
2026-09-23,CYRE3,1,26.68,-0.016587
2026-09-23,DIRR3,0,9.88,-0.034213
2026-09-23,ECOR3,1,8.59,0.002334
2026-09-23,EGIE3,1,29.34,-0.042741
2026-09-23,EMBJ3,1,98.17,-0.002337
2026-09-23,ENEV3,1,27.78,0.002888
2026-09-23,ENGI11,1,52.15,-0.016594
2026-09-23,EQTL3,1,40.0,-0.01332
2026-09-23,EZTC3,1,13.81,0.000725
2026-09-23,FLRY3,1,21.99,-0.005427
2026-09-23,GMAT3,1,4.9,-0.025845
2026-09-23,GRND3,1,3.78,0.002653
2026-09-23,HAPV3,0,6.65,-0.022059
2026-09-23,HYPE3,1,24.1097,-0.02481
2026-09-23,IGTI11,1,26.8,-0.000373
2026-09-23,IRBR3,1,59.46,-0.061109
2026-09-23,ITSA4,1,14.1,-0.019471
2026-09-23,ITUB3,1,46.2726,-0.020939
2026-09-23,ITUB4,1,42.3526,-0.018759
2026-09-23,JHSF3,1,11.7503,-0.001689
2026-09-23,KLBN11,1,18.66,-0.032659
2026-09-23,MBRF3,1,16.98,-0.015652
2026-09-23,MGLU3,1,6.12,0.037288
2026-09-23,MOVI3,1,8.59,0.017773
2026-09-23,MRVE3,1,5.24,-0.013183
2026-09-23,MULT3,1,31.1584,0.0
2026-09-23,ORVR3,0,16.69,-0.022834
2026-09-23,PETR4,1,49.6,0.025853
2026-09-23,POMO4,0,4.13,-0.016667
2026-09-23,PSSA3,0,47.5793,-0.006814
2026-09-23,QUAL3,1,1.62,-0.04142
2026-09-23,RAIL3,1,15.88,0.014049
2026-09-23,RAIZ4,1,0.28,0.0
2026-09-23,RAPT4,1,5.07,-0.013619
2026-09-23,RDOR3,1,37.9137,-0.008071
2026-09-23,RECV3,1,10.9,-0.003656
2026-09-23,RENT3,1,37.5963,0.006596
2026-09-23,ROXO34,0,11.64,-0.032419
2026-09-23,SBSP3,1,26.79,-0.027939
2026-09-23,SIMH3,1,8.05,0.003741
2026-09-23,SLCE3,1,17.62,-0.020567
2026-09-23,SMAL11,1,110.7,-0.01196
2026-09-23,SMFT3,0,17.04,-0.011027
2026-09-23,SUZB3,1,47.49,-0.022437
2026-09-23,TAEE11,1,41.27,-0.011023
2026-09-23,TIMS3,0,18.64,-0.025274
2026-09-23,TOTS3,1,35.4,-0.010025
2026-09-23,USIM5,0,7.05,-0.004237
2026-09-23,VALE3,0,71.48,-0.018536
2026-09-23,VAMO3,1,3.79,0.029891
2026-09-23,VBBR3,1,39.97,0.006801
2026-09-23,VIVA3,1,22.31,-0.020632
2026-09-23,VIVT3,0,29.9635,-0.018573
2026-09-23,WEGE3,1,51.16,-0.012355
2026-09-23,WIZC3,0,7.82,-0.012626
2026-09-23,XPBR31,1,108.8,0.003783
2026-09-23,YDUQ3,1,10.86,-0.031222
2026-09-24,ABEV3,1,15.34,0.002614
2026-09-24,ALOS3,1,29.12,-0.007498
2026-09-24,AURA33,1,141.99,-0.037356
2026-09-24,AXIA3,1,54.47,-0.015899
2026-09-24,AZZA3,0,14.5,-0.026846
2026-09-24,BBAS3,1,21.54,-0.028417
2026-09-24,BBDC3,1,15.6134,-0.020063
2026-09-24,BBDC4,1,17.7618,-0.013866
2026-09-24,BBSE3,0,38.77,-0.002316
2026-09-24,BEEF3,1,4.05,0.007463
2026-09-24,BOVA11,1,180.87,-0.010883
2026-09-24,BPAC11,1,62.7,-0.014925
2026-09-24,BRAP4,0,20.35,-0.010695
2026-09-24,BRAV3,0,17.48,-0.006818
2026-09-24,BRSR6,1,15.11,-0.020739
2026-09-24,CEAB3,1,9.29,-0.006417
2026-09-24,CMIN3,0,4.98,-0.023529
2026-09-24,COGN3,0,2.18,-0.052174
2026-09-24,CPLE3,1,15.65,-0.008866
2026-09-24,CSAN3,1,3.81,-0.020566
2026-09-24,CSMG3,0,57.31,0.013798
2026-09-24,CSNA3,1,5.91,-0.023141
2026-09-24,CVCB3,0,1.38,0.007299
2026-09-24,CXSE3,1,20.4,0.014421
2026-09-24,CYRE3,1,26.51,-0.006372
2026-09-24,DIRR3,0,9.86,-0.002024
2026-09-24,ECOR3,1,8.93,0.039581
2026-09-24,EGIE3,0,29.0,-0.011588
2026-09-24,EMBJ3,1,99.1,0.009473
2026-09-24,ENEV3,1,27.2,-0.020878
2026-09-24,ENGI11,1,51.37,-0.014957
2026-09-24,EQTL3,1,39.63,-0.00925
2026-09-24,EZTC3,1,13.57,-0.017379
2026-09-24,FLRY3,1,22.0,0.000455
2026-09-24,GMAT3,1,4.9,0.0
2026-09-24,GRND3,1,3.74,-0.010582
2026-09-24,HAPV3,0,6.46,-0.028571
2026-09-24,HYPE3,1,24.367,0.010669
2026-09-24,IGTI11,1,26.4,-0.014925
2026-09-24,IRBR3,1,59.32,-0.002355
2026-09-24,ITSA4,1,13.99,-0.007801
2026-09-24,ITUB3,1,46.0327,-0.005185
2026-09-24,ITUB4,1,41.8528,-0.011801
2026-09-24,JHSF3,1,11.7404,-0.000846
2026-09-24,KLBN11,1,18.28,-0.020364
2026-09-24,MBRF3,1,16.81,-0.010012
2026-09-24,MGLU3,1,6.3,0.029412
2026-09-24,MOVI3,1,8.92,0.038417
2026-09-24,MRVE3,1,5.22,-0.003817
2026-09-24,MULT3,1,30.8809,-0.008906
2026-09-24,ORVR3,0,16.65,-0.002397
2026-09-24,PETR4,1,49.26,-0.006855
2026-09-24,POMO4,0,4.14,0.002421
2026-09-24,PSSA3,0,47.04,-0.011336
2026-09-24,QUAL3,1,1.61,-0.006173
2026-09-24,RAIL3,1,15.87,-0.00063
2026-09-24,RAIZ4,1,0.29,0.035714
2026-09-24,RAPT4,1,5.07,0.0
2026-09-24,RDOR3,1,37.4659,-0.011811
2026-09-24,RECV3,1,10.76,-0.012844
2026-09-24,RENT3,1,38.1482,0.014679
2026-09-24,ROXO34,0,11.62,-0.001718
2026-09-24,SBSP3,1,26.9,0.004106
2026-09-24,SIMH3,1,8.14,0.01118
2026-09-24,SLCE3,1,17.18,-0.024972
2026-09-24,SMAL11,1,109.95,-0.006775
2026-09-24,SMFT3,0,17.32,0.016432
2026-09-24,SUZB3,1,45.58,-0.040219
2026-09-24,TAEE11,1,40.94,-0.007996
2026-09-24,TIMS3,0,18.77,0.006974
2026-09-24,TOTS3,1,35.13,-0.007627
2026-09-24,USIM5,0,6.86,-0.02695
2026-09-24,VALE3,0,70.66,-0.011472
2026-09-24,VAMO3,1,3.86,0.01847
2026-09-24,VBBR3,1,39.15,-0.020515
2026-09-24,VIVA3,0,21.77,-0.024204
2026-09-24,VIVT3,0,30.252,0.009628
2026-09-24,WEGE3,1,50.74,-0.00821
2026-09-24,WIZC3,0,7.77,-0.006394
2026-09-24,XPBR31,1,107.81,-0.009099
2026-09-24,YDUQ3,1,11.18,0.029466
2026-09-25,ABEV3,1,15.32,-0.001304
2026-09-25,ALOS3,1,28.98,-0.004808
2026-09-25,AURA33,1,145.0,0.021199
2026-09-25,AXIA3,1,54.55,0.001469
2026-09-25,AZZA3,0,16.38,0.129655
2026-09-25,BBAS3,1,21.59,0.002321
2026-09-25,BBDC3,1,15.7533,0.008957
2026-09-25,BBDC4,1,17.8617,0.005624
2026-09-25,BBSE3,0,38.99,0.005675
2026-09-25,BEEF3,1,4.09,0.009877
2026-09-25,BOVA11,1,180.82,-0.000276
2026-09-25,BPAC11,1,62.7,0.0
2026-09-25,BRAP4,0,20.24,-0.005405
2026-09-25,BRAV3,0,17.41,-0.004005
2026-09-25,BRSR6,1,15.17,0.003971
2026-09-25,CEAB3,1,9.26,-0.003229
2026-09-25,CMIN3,0,4.95,-0.006024
2026-09-25,COGN3,0,2.12,-0.027523
2026-09-25,CPLE3,1,15.78,0.008307
2026-09-25,CSAN3,1,3.82,0.002625
2026-09-25,CSMG3,0,57.86,0.009597
2026-09-25,CSNA3,1,5.95,0.006768
2026-09-25,CVCB3,0,1.45,0.050725
2026-09-25,CXSE3,1,20.59,0.009314
2026-09-25,CYRE3,1,27.0,0.018484
2026-09-25,DIRR3,0,9.8,-0.006085
2026-09-25,ECOR3,1,8.98,0.005599
2026-09-25,EGIE3,0,29.1,0.003448
2026-09-25,EMBJ3,1,101.52,0.02442
2026-09-25,ENEV3,1,27.4,0.007353
2026-09-25,ENGI11,1,51.47,0.001947
2026-09-25,EQTL3,1,39.79,0.004037
2026-09-25,EZTC3,1,13.7,0.00958
2026-09-25,FLRY3,1,21.74,-0.011818
2026-09-25,GMAT3,1,4.9,0.0
2026-09-25,GRND3,1,3.77,0.008021
2026-09-25,HAPV3,0,6.26,-0.03096
2026-09-25,HYPE3,1,24.268,-0.00406
2026-09-25,IGTI11,1,26.8,0.015152
2026-09-25,IRBR3,1,61.9,0.043493
2026-09-25,ITSA4,1,13.99,0.0
2026-09-25,ITUB3,1,46.0727,0.000869
2026-09-25,ITUB4,1,42.1127,0.00621
2026-09-25,JHSF3,1,11.6509,-0.007621
2026-09-25,KLBN11,0,18.15,-0.007112
2026-09-25,MBRF3,1,16.83,0.00119
2026-09-25,MGLU3,1,6.76,0.073016
2026-09-25,MOVI3,1,9.05,0.014574
2026-09-25,MRVE3,1,5.17,-0.009578
2026-09-25,MULT3,1,30.8214,-0.001926
2026-09-25,ORVR3,0,16.44,-0.012613
2026-09-25,PETR4,1,48.07,-0.024158
2026-09-25,POMO4,0,4.1,-0.009662
2026-09-25,PSSA3,0,47.09,0.001063
2026-09-25,QUAL3,1,1.56,-0.031056
2026-09-25,RAIL3,1,16.09,0.013863
2026-09-25,RAIZ4,1,0.28,-0.034483
2026-09-25,RAPT4,0,4.76,-0.061144
2026-09-25,RDOR3,1,37.39,-0.002026
2026-09-25,RECV3,1,10.47,-0.026952
2026-09-25,RENT3,1,37.7934,-0.0093
2026-09-25,ROXO34,0,11.63,0.000861
2026-09-25,SBSP3,1,26.93,0.001115
2026-09-25,SIMH3,1,8.32,0.022113
2026-09-25,SLCE3,1,17.29,0.006403
2026-09-25,SMAL11,1,110.45,0.004548
2026-09-25,SMFT3,0,17.33,0.000577
2026-09-25,SUZB3,1,45.0,-0.012725
2026-09-25,TAEE11,1,40.79,-0.003664
2026-09-25,TIMS3,0,18.61,-0.008524
2026-09-25,TOTS3,1,34.9,-0.006547
2026-09-25,USIM5,0,6.93,0.010204
2026-09-25,VALE3,0,70.77,0.001557
2026-09-25,VAMO3,1,3.87,0.002591
2026-09-25,VBBR3,1,37.21,-0.049553
2026-09-25,VIVA3,0,22.28,0.023427
2026-09-25,VIVT3,0,29.9535,-0.009865
2026-09-25,WEGE3,1,51.07,0.006504
2026-09-25,WIZC3,0,7.84,0.009009
2026-09-25,XPBR31,1,106.1,-0.015861
2026-09-25,YDUQ3,1,11.1,-0.007156
2026-09-28,ABEV3,0,15.2,-0.007833
2026-09-28,ALOS3,1,28.57,-0.014148
2026-09-28,AURA33,1,135.8,-0.063448
2026-09-28,AXIA3,1,54.44,-0.002017
2026-09-28,AZZA3,0,15.52,-0.052503
2026-09-28,BBAS3,1,21.49,-0.004632
2026-09-28,BBDC3,1,15.5934,-0.010146
2026-09-28,BBDC4,1,17.6419,-0.012304
2026-09-28,BBSE3,0,38.38,-0.015645
2026-09-28,BEEF3,1,4.01,-0.01956
2026-09-28,BOVA11,1,180.18,-0.00354
2026-09-28,BPAC11,1,62.25,-0.007177
2026-09-28,BRAP4,0,20.59,0.017293
2026-09-28,BRAV3,0,17.96,0.031591
2026-09-28,BRSR6,1,15.31,0.009229
2026-09-28,CEAB3,1,9.42,0.017279
2026-09-28,CMIN3,0,5.05,0.020202
2026-09-28,COGN3,0,2.11,-0.004717
2026-09-28,CPLE3,1,15.68,-0.006337
2026-09-28,CSAN3,1,3.74,-0.020942
2026-09-28,CSMG3,0,56.38,-0.025579
2026-09-28,CSNA3,1,5.99,0.006723
2026-09-28,CVCB3,0,1.47,0.013793
2026-09-28,CXSE3,1,20.11,-0.023312
2026-09-28,CYRE3,1,26.53,-0.017407
2026-09-28,DIRR3,0,9.7,-0.010204
2026-09-28,ECOR3,1,8.66,-0.035635
2026-09-28,EGIE3,0,28.87,-0.007904
2026-09-28,EMBJ3,1,100.44,-0.010638
2026-09-28,ENEV3,1,26.75,-0.023723
2026-09-28,ENGI11,1,50.9,-0.011074
2026-09-28,EQTL3,1,39.12,-0.016838
2026-09-28,EZTC3,1,13.38,-0.023358
2026-09-28,FLRY3,1,21.44,-0.013799
2026-09-28,GMAT3,1,4.85,-0.010204
2026-09-28,GRND3,1,3.78,0.002653
2026-09-28,HAPV3,0,6.23,-0.004792
2026-09-28,HYPE3,1,24.367,0.004077
2026-09-28,IGTI11,1,25.94,-0.03209
2026-09-28,IRBR3,1,60.98,-0.014863
2026-09-28,ITSA4,1,13.95,-0.002859
2026-09-28,ITUB3,1,45.8228,-0.005424
2026-09-28,ITUB4,1,41.6929,-0.009969
2026-09-28,JHSF3,1,11.293,-0.030717
2026-09-28,KLBN11,0,18.31,0.008815
2026-09-28,MBRF3,1,17.2,0.021985
2026-09-28,MGLU3,1,6.6,-0.023669
2026-09-28,MOVI3,1,8.94,-0.012155
2026-09-28,MRVE3,1,5.21,0.007737
2026-09-28,MULT3,1,29.9989,-0.026688
2026-09-28,ORVR3,0,16.2,-0.014599
2026-09-28,PETR4,1,48.72,0.013522
2026-09-28,POMO4,0,4.19,0.021951
2026-09-28,PSSA3,0,47.0,-0.001911
2026-09-28,QUAL3,1,1.58,0.012821
2026-09-28,RAIL3,1,15.76,-0.02051
2026-09-28,RAIZ4,1,0.29,0.035714
2026-09-28,RAPT4,0,4.75,-0.002101
2026-09-28,RDOR3,1,37.47,0.00214
2026-09-28,RECV3,1,10.89,0.040115
2026-09-28,RENT3,1,38.03,0.00626
2026-09-28,ROXO34,0,10.61,-0.087704
2026-09-28,SBSP3,1,26.75,-0.006684
2026-09-28,SIMH3,1,8.33,0.001202
2026-09-28,SLCE3,1,16.86,-0.02487
2026-09-28,SMAL11,1,109.0,-0.013128
2026-09-28,SMFT3,0,16.83,-0.028852
2026-09-28,SUZB3,1,44.69,-0.006889
2026-09-28,TAEE11,1,40.22,-0.013974
2026-09-28,TIMS3,0,18.48,-0.006986
2026-09-28,TOTS3,1,33.98,-0.026361
2026-09-28,USIM5,0,7.0,0.010101
2026-09-28,VALE3,0,71.16,0.005511
2026-09-28,VAMO3,1,3.85,-0.005168
2026-09-28,VBBR3,1,38.06,0.022843
2026-09-28,VIVA3,0,22.26,-0.000898
2026-09-28,VIVT3,0,29.51,-0.014807
2026-09-28,WEGE3,1,50.12,-0.018602
2026-09-28,WIZC3,0,7.74,-0.012755
2026-09-28,XPBR31,1,105.8,-0.002827
2026-09-28,YDUQ3,1,10.86,-0.021622
2026-09-29,ABEV3,0,15.27,0.004605
2026-09-29,ALOS3,1,28.77,0.007
2026-09-29,AURA33,1,138.5,0.019882
2026-09-29,AXIA3,1,54.8,0.006613
2026-09-29,AZZA3,1,17.15,0.105026
2026-09-29,BBAS3,1,22.04,0.025593
2026-09-29,BBDC3,1,15.6334,0.002562
2026-09-29,BBDC4,1,17.7618,0.006795
2026-09-29,BBSE3,0,38.76,0.009901
2026-09-29,BEEF3,1,3.92,-0.022444
2026-09-29,BOVA11,1,181.05,0.004829
2026-09-29,BPAC11,1,62.85,0.009639
2026-09-29,BRAP4,0,20.24,-0.016999
2026-09-29,BRAV3,0,18.23,0.015033
2026-09-29,BRSR6,1,15.26,-0.003266
2026-09-29,CEAB3,1,9.51,0.009554
2026-09-29,CMIN3,0,4.76,-0.057426
2026-09-29,COGN3,0,2.2,0.042654
2026-09-29,CPLE3,1,15.75,0.004464
2026-09-29,CSAN3,1,3.72,-0.005348
2026-09-29,CSMG3,0,56.93,0.009755
2026-09-29,CSNA3,1,5.4,-0.098497
2026-09-29,CVCB3,0,1.43,-0.027211
2026-09-29,CXSE3,1,20.11,0.0
2026-09-29,CYRE3,1,27.13,0.022616
2026-09-29,DIRR3,0,10.16,0.047423
2026-09-29,ECOR3,1,8.67,0.001155
2026-09-29,EGIE3,0,29.14,0.009352
2026-09-29,EMBJ3,1,100.46,0.000199
2026-09-29,ENEV3,1,27.1,0.013084
2026-09-29,ENGI11,1,51.88,0.019253
2026-09-29,EQTL3,1,39.77,0.016616
2026-09-29,EZTC3,1,13.53,0.011211
2026-09-29,FLRY3,1,22.03,0.027519
2026-09-29,GMAT3,1,5.03,0.037113
2026-09-29,GRND3,1,3.82,0.010582
2026-09-29,HAPV3,0,6.28,0.008026
2026-09-29,HYPE3,1,23.73,-0.02614
2026-09-29,IGTI11,1,26.14,0.00771
2026-09-29,IRBR3,1,62.8,0.029846
2026-09-29,ITSA4,1,14.16,0.015054
2026-09-29,ITUB3,1,46.9424,0.024433
2026-09-29,ITUB4,1,42.2826,0.014145
2026-09-29,JHSF3,1,11.5614,0.023768
2026-09-29,KLBN11,0,18.27,-0.002185
2026-09-29,MBRF3,1,16.85,-0.020349
2026-09-29,MGLU3,1,6.63,0.004545
2026-09-29,MOVI3,1,9.34,0.044743
2026-09-29,MRVE3,1,5.38,0.03263
2026-09-29,MULT3,1,30.3854,0.012884
2026-09-29,ORVR3,0,16.46,0.016049
2026-09-29,PETR4,1,49.1,0.0078
2026-09-29,POMO4,0,4.13,-0.01432
2026-09-29,PSSA3,0,46.98,-0.000426
2026-09-29,QUAL3,1,1.55,-0.018987
2026-09-29,RAIL3,1,15.96,0.01269
2026-09-29,RAIZ4,1,0.29,0.0
2026-09-29,RAPT4,0,4.85,0.021053
2026-09-29,RDOR3,1,37.5,0.000801
2026-09-29,RECV3,1,10.83,-0.00551
2026-09-29,RENT3,1,38.53,0.013148
2026-09-29,ROXO34,0,10.69,0.00754
2026-09-29,SBSP3,1,27.06,0.011589
2026-09-29,SIMH3,1,8.73,0.048019
2026-09-29,SLCE3,1,16.75,-0.006524
2026-09-29,SMAL11,1,109.65,0.005963
2026-09-29,SMFT3,0,16.76,-0.004159
2026-09-29,SUZB3,1,44.37,-0.00716
2026-09-29,TAEE11,1,40.56,0.008454
2026-09-29,TIMS3,0,18.53,0.002706
2026-09-29,TOTS3,1,34.64,0.019423
2026-09-29,USIM5,0,6.95,-0.007143
2026-09-29,VALE3,0,69.61,-0.021782
2026-09-29,VAMO3,1,4.0,0.038961
2026-09-29,VBBR3,1,37.96,-0.002627
2026-09-29,VIVA3,1,23.05,0.03549
2026-09-29,VIVT3,0,29.6,0.00305
2026-09-29,WEGE3,1,50.29,0.003392
2026-09-29,WIZC3,0,7.73,-0.001292
2026-09-29,XPBR31,1,106.39,0.005577
2026-09-29,YDUQ3,1,10.41,-0.041436
2026-09-30,ABEV3,0,15.36,0.005894
2026-09-30,ALOS3,1,29.49,0.025026
2026-09-30,AURA33,1,136.1,-0.017328
2026-09-30,AXIA3,1,55.35,0.010036
2026-09-30,AZZA3,1,17.38,0.013411
2026-09-30,BBAS3,1,23.07,0.046733
2026-09-30,BBDC3,1,16.2028,0.036422
2026-09-30,BBDC4,1,18.491,0.041057
2026-09-30,BBSE3,0,39.18,0.010836
2026-09-30,BEEF3,1,3.94,0.005102
2026-09-30,BOVA11,1,184.08,0.016736
2026-09-30,BPAC11,1,64.1,0.019889
2026-09-30,BRAP4,0,20.23,-0.000494
2026-09-30,BRAV3,0,18.12,-0.006034
2026-09-30,BRSR6,1,15.9,0.04194
2026-09-30,CEAB3,1,10.03,0.054679
2026-09-30,CMIN3,0,5.01,0.052521
2026-09-30,COGN3,1,2.32,0.054545
2026-09-30,CPLE3,1,16.0,0.015873
2026-09-30,CSAN3,1,3.96,0.064516
2026-09-30,CSMG3,0,56.31,-0.010891
2026-09-30,CSNA3,1,5.77,0.068518
2026-09-30,CVCB3,0,1.49,0.041958
2026-09-30,CXSE3,1,19.88,-0.011437
2026-09-30,CYRE3,1,27.18,0.001843
2026-09-30,DIRR3,0,10.11,-0.004921
2026-09-30,ECOR3,1,9.03,0.041522
2026-09-30,EGIE3,0,29.46,0.010981
2026-09-30,EMBJ3,1,97.31,-0.031356
2026-09-30,ENEV3,1,27.87,0.028413
2026-09-30,ENGI11,1,52.97,0.02101
2026-09-30,EQTL3,1,40.65,0.022127
2026-09-30,EZTC3,1,14.01,0.035477
2026-09-30,FLRY3,1,22.79,0.034498
2026-09-30,GMAT3,1,5.08,0.00994
2026-09-30,GRND3,1,3.8,-0.005236
2026-09-30,HAPV3,0,6.67,0.062102
2026-09-30,HYPE3,1,24.48,0.031606
2026-09-30,IGTI11,1,27.02,0.033665
2026-09-30,IRBR3,1,61.66,-0.018153
2026-09-30,ITSA4,1,14.6,0.031073
2026-09-30,ITUB3,1,48.4518,0.032155
2026-09-30,ITUB4,1,44.2618,0.046809
2026-09-30,JHSF3,1,11.6608,0.008598
2026-09-30,KLBN11,0,18.11,-0.008758
2026-09-30,MBRF3,1,16.78,-0.004154
2026-09-30,MGLU3,1,7.46,0.125189
2026-09-30,MOVI3,1,10.0,0.070664
2026-09-30,MRVE3,1,5.47,0.016729
2026-09-30,MULT3,1,31.4359,0.034573
2026-09-30,ORVR3,1,17.37,0.055286
2026-09-30,PETR4,1,49.12,0.000407
2026-09-30,POMO4,0,4.18,0.012106
2026-09-30,PSSA3,0,47.29,0.006599
2026-09-30,QUAL3,1,1.66,0.070968
2026-09-30,RAIL3,1,16.29,0.020677
2026-09-30,RAIZ4,1,0.31,0.068966
2026-09-30,RAPT4,1,5.15,0.061856
2026-09-30,RDOR3,1,38.29,0.021067
2026-09-30,RECV3,1,10.67,-0.014774
2026-09-30,RENT3,1,40.5,0.051129
2026-09-30,ROXO34,0,10.95,0.024322
2026-09-30,SBSP3,1,27.43,0.013673
2026-09-30,SIMH3,1,9.63,0.103093
2026-09-30,SLCE3,1,16.81,0.003582
2026-09-30,SMAL11,1,111.93,0.020793
2026-09-30,SMFT3,0,17.56,0.047733
2026-09-30,SUZB3,1,44.2,-0.003831
2026-09-30,TAEE11,1,41.81,0.030819
2026-09-30,TIMS3,0,18.33,-0.010793
2026-09-30,TOTS3,1,33.43,-0.034931
2026-09-30,USIM5,0,7.01,0.008633
2026-09-30,VALE3,0,69.91,0.00431
2026-09-30,VAMO3,1,4.3,0.075
2026-09-30,VBBR3,1,37.16,-0.021075
2026-09-30,VIVA3,1,23.6,0.023861
2026-09-30,VIVT3,0,29.81,0.007095
2026-09-30,WEGE3,1,49.46,-0.016504
2026-09-30,WIZC3,0,7.88,0.019405
2026-09-30,XPBR31,1,108.7,0.021713
2026-09-30,YDUQ3,1,11.14,0.070125
2026-10-01,ABEV3,0,15.37,0.000651
2026-10-01,ALOS3,1,29.65,0.005426
2026-10-01,AURA33,1,137.05,0.00698
2026-10-01,AXIA3,1,55.15,-0.003613
2026-10-01,AZZA3,1,18.61,0.070771
2026-10-01,BBAS3,1,23.08,0.000433
2026-10-01,BBDC3,1,16.2327,0.00185
2026-10-01,BBDC4,1,18.511,0.001081
2026-10-01,BBSE3,0,39.32,0.003573
2026-10-01,BEEF3,1,3.92,-0.005076
2026-10-01,BOVA11,1,184.41,0.001793
2026-10-01,BPAC11,1,63.72,-0.005928
2026-10-01,BRAP4,0,20.33,0.004943
2026-10-01,BRAV3,0,18.25,0.007174
2026-10-01,BRSR6,1,15.25,-0.04088
2026-10-01,CEAB3,1,9.89,-0.013958
2026-10-01,CMIN3,0,4.93,-0.015968
2026-10-01,COGN3,1,2.34,0.008621
2026-10-01,CPLE3,1,16.07,0.004375
2026-10-01,CSAN3,1,3.98,0.005051
2026-10-01,CSMG3,0,56.78,0.008347
2026-10-01,CSNA3,1,6.0,0.039861
2026-10-01,CVCB3,0,1.47,-0.013423
2026-10-01,CXSE3,1,19.91,0.001509
2026-10-01,CYRE3,1,27.13,-0.00184
2026-10-01,DIRR3,0,10.03,-0.007913
2026-10-01,ECOR3,1,9.31,0.031008
2026-10-01,EGIE3,0,29.33,-0.004413
2026-10-01,EMBJ3,1,96.81,-0.005138
2026-10-01,ENEV3,1,28.13,0.009329
2026-10-01,ENGI11,1,53.37,0.007551
2026-10-01,EQTL3,1,41.0,0.00861
2026-10-01,EZTC3,1,14.02,0.000714
2026-10-01,FLRY3,1,23.8,0.044318
2026-10-01,GMAT3,1,5.08,0.0
2026-10-01,GRND3,1,3.86,0.015789
2026-10-01,HAPV3,0,6.94,0.04048
2026-10-01,HYPE3,1,24.65,0.006944
2026-10-01,IGTI11,1,27.32,0.011103
2026-10-01,IRBR3,1,62.33,0.010866
2026-10-01,ITSA4,1,14.44,-0.010959
2026-10-01,ITUB3,1,48.33,-0.002514
2026-10-01,ITUB4,1,44.14,-0.002752
2026-10-01,JHSF3,1,11.72,0.005073
2026-10-01,KLBN11,0,18.02,-0.00497
2026-10-01,MBRF3,1,16.78,0.0
2026-10-01,MGLU3,1,7.63,0.022788
2026-10-01,MOVI3,1,10.14,0.014
2026-10-01,MRVE3,1,5.44,-0.005484
2026-10-01,MULT3,1,31.91,0.015083
2026-10-01,ORVR3,1,17.43,0.003454
2026-10-01,PETR4,1,49.9,0.01588
2026-10-01,POMO4,0,4.18,0.0
2026-10-01,PSSA3,0,47.66,0.007824
2026-10-01,QUAL3,1,1.64,-0.012048
2026-10-01,RAIL3,1,16.53,0.014733
2026-10-01,RAIZ4,1,0.33,0.064516
2026-10-01,RAPT4,1,5.19,0.007767
2026-10-01,RDOR3,1,38.36,0.001828
2026-10-01,RECV3,1,11.04,0.034677
2026-10-01,RENT3,1,40.24,-0.00642
2026-10-01,ROXO34,0,11.45,0.045662
2026-10-01,SBSP3,1,27.58,0.005468
2026-10-01,SIMH3,1,10.14,0.05296
2026-10-01,SLCE3,1,16.62,-0.011303
2026-10-01,SMAL11,1,113.02,0.009738
2026-10-01,SMFT3,0,17.15,-0.023349
2026-10-01,SUZB3,0,43.26,-0.021267
2026-10-01,TAEE11,1,41.84,0.000718
2026-10-01,TIMS3,0,18.18,-0.008183
2026-10-01,TOTS3,1,34.5,0.032007
2026-10-01,USIM5,0,7.13,0.017118
2026-10-01,VALE3,0,70.38,0.006723
2026-10-01,VAMO3,1,4.47,0.039535
2026-10-01,VBBR3,1,37.8,0.017223
2026-10-01,VIVA3,1,23.78,0.007627
2026-10-01,VIVT3,0,29.61,-0.006709
2026-10-01,WEGE3,1,49.64,0.003639
2026-10-01,WIZC3,0,7.92,0.005076
2026-10-01,XPBR31,1,110.5,0.016559
2026-10-01,YDUQ3,1,11.04,-0.008977
2026-10-02,ABEV3,1,15.84,0.030579
2026-10-02,ALOS3,1,30.51,0.029005
2026-10-02,AURA33,1,141.41,0.031813
2026-10-02,AXIA3,1,56.9,0.031732
2026-10-02,AZZA3,1,19.54,0.049973
2026-10-02,BBAS3,1,23.72,0.02773
2026-10-02,BBDC3,1,16.83,0.036793
2026-10-02,BBDC4,1,19.23,0.03884
2026-10-02,BBSE3,1,40.45,0.028739
2026-10-02,BEEF3,1,3.88,-0.010204
2026-10-02,BOVA11,1,190.0,0.030313
2026-10-02,BPAC11,1,66.02,0.036095
2026-10-02,BRAP4,0,20.76,0.021151
2026-10-02,BRAV3,1,18.9,0.035616
2026-10-02,BRSR6,1,15.92,0.043934
2026-10-02,CEAB3,1,10.3,0.041456
2026-10-02,CMIN3,0,4.97,0.008114
2026-10-02,COGN3,1,2.43,0.038462
2026-10-02,CPLE3,1,16.61,0.033603
2026-10-02,CSAN3,1,4.12,0.035176
2026-10-02,CSMG3,0,56.25,-0.009334
2026-10-02,CSNA3,1,6.17,0.028333
2026-10-02,CVCB3,0,1.38,-0.061225
2026-10-02,CXSE3,1,20.41,0.025113
2026-10-02,CYRE3,1,27.99,0.031699
2026-10-02,DIRR3,0,10.51,0.047856
2026-10-02,ECOR3,1,9.89,0.062299
2026-10-02,EGIE3,1,30.7,0.04671
2026-10-02,EMBJ3,1,98.25,0.014875
2026-10-02,ENEV3,1,28.71,0.020619
2026-10-02,ENGI11,1,55.15,0.033352
2026-10-02,EQTL3,1,41.91,0.022195
2026-10-02,EZTC3,1,14.6,0.041369
2026-10-02,FLRY3,1,23.5,-0.012605
2026-10-02,GMAT3,1,4.94,-0.027559
2026-10-02,GRND3,1,4.03,0.044042
2026-10-02,HAPV3,0,7.8,0.123919
2026-10-02,HYPE3,1,25.16,0.02069
2026-10-02,IGTI11,1,28.47,0.042094
2026-10-02,IRBR3,1,63.32,0.015883
2026-10-02,ITSA4,1,14.67,0.015928
2026-10-02,ITUB3,1,48.92,0.012208
2026-10-02,ITUB4,1,44.83,0.015632
2026-10-02,JHSF3,1,12.05,0.028157
2026-10-02,KLBN11,0,18.62,0.033296
2026-10-02,MBRF3,1,16.98,0.011919
2026-10-02,MGLU3,1,7.61,-0.002621
2026-10-02,MOVI3,1,10.85,0.07002
2026-10-02,MRVE3,1,5.63,0.034926
2026-10-02,MULT3,1,32.97,0.033218
2026-10-02,ORVR3,1,17.85,0.024096
2026-10-02,PETR4,1,51.17,0.025451
2026-10-02,POMO4,0,4.33,0.035885
2026-10-02,PSSA3,0,49.47,0.037977
2026-10-02,QUAL3,1,1.69,0.030488
2026-10-02,RAIL3,1,16.88,0.021174
2026-10-02,RAIZ4,1,0.35,0.060606
2026-10-02,RAPT4,1,5.47,0.05395
2026-10-02,RDOR3,1,39.82,0.03806
2026-10-02,RECV3,1,11.2,0.014493
2026-10-02,RENT3,1,41.48,0.030815
2026-10-02,ROXO34,0,11.71,0.022707
2026-10-02,SBSP3,1,28.23,0.023568
2026-10-02,SIMH3,1,10.8,0.065089
2026-10-02,SLCE3,1,17.2,0.034898
2026-10-02,SMAL11,1,116.34,0.029375
2026-10-02,SMFT3,0,17.63,0.027988
2026-10-02,SUZB3,0,44.35,0.025196
2026-10-02,TAEE11,1,42.85,0.02414
2026-10-02,TIMS3,0,18.55,0.020352
2026-10-02,TOTS3,1,35.35,0.024638
2026-10-02,USIM5,1,7.48,0.049088
2026-10-02,VALE3,0,72.1,0.024439
2026-10-02,VAMO3,1,4.74,0.060403
2026-10-02,VBBR3,1,38.15,0.009259
2026-10-02,VIVA3,1,25.0,0.051304
2026-10-02,VIVT3,0,30.14,0.017899
2026-10-02,WEGE3,1,51.45,0.036463
2026-10-02,WIZC3,1,8.19,0.034091
2026-10-02,XPBR31,1,112.2,0.015385
2026-10-02,YDUQ3,1,11.08,0.003623
2026-10-05,ABEV3,1,16.5,0.041667
2026-10-05,ALOS3,1,33.06,0.083579
2026-10-05,AURA33,1,143.32,0.013507
2026-10-05,AXIA3,1,61.38,0.078735
2026-10-05,AZZA3,1,22.17,0.134596
2026-10-05,BBAS3,1,26.33,0.110034
2026-10-05,BBDC3,1,19.36,0.150327
2026-10-05,BBDC4,1,21.84,0.135725
2026-10-05,BBSE3,1,40.99,0.01335
2026-10-05,BEEF3,1,4.19,0.079897
2026-10-05,BOVA11,1,204.35,0.075526
2026-10-05,BPAC11,1,80.89,0.225235
2026-10-05,BRAP4,0,21.19,0.020713
2026-10-05,BRAV3,1,19.1,0.010582
2026-10-05,BRSR6,1,16.87,0.059673
2026-10-05,CEAB3,1,12.33,0.197087
2026-10-05,CMIN3,0,5.04,0.014085
2026-10-05,COGN3,1,2.69,0.106996
2026-10-05,CPLE3,1,17.25,0.038531
2026-10-05,CSAN3,1,5.1,0.237864
2026-10-05,CSMG3,1,61.03,0.084978
2026-10-05,CSNA3,1,6.43,0.042139
2026-10-05,CVCB3,1,1.57,0.137681
2026-10-05,CXSE3,1,20.62,0.010289
2026-10-05,CYRE3,1,33.14,0.183994
2026-10-05,DIRR3,1,11.35,0.079924
2026-10-05,ECOR3,1,12.33,0.246714
2026-10-05,EGIE3,1,31.64,0.030619
2026-10-05,EMBJ3,1,95.0,-0.033079
2026-10-05,ENEV3,1,30.26,0.053988
2026-10-05,ENGI11,1,62.85,0.139619
2026-10-05,EQTL3,1,47.66,0.137199
2026-10-05,EZTC3,1,17.07,0.169178
2026-10-05,FLRY3,1,24.28,0.033192
2026-10-05,GMAT3,1,5.29,0.07085
2026-10-05,GRND3,1,4.16,0.032258
2026-10-05,HAPV3,1,8.76,0.123077
2026-10-05,HYPE3,1,26.95,0.071145
2026-10-05,IGTI11,1,30.76,0.080436
2026-10-05,IRBR3,1,64.07,0.011845
2026-10-05,ITSA4,1,16.36,0.115201
2026-10-05,ITUB3,1,54.12,0.106296
2026-10-05,ITUB4,1,49.48,0.103725
2026-10-05,JHSF3,1,12.7,0.053942
2026-10-05,KLBN11,0,18.46,-0.008593
2026-10-05,MBRF3,1,17.79,0.047703
2026-10-05,MGLU3,1,9.45,0.241787
2026-10-05,MOVI3,1,13.5,0.24424
2026-10-05,MRVE3,1,6.27,0.113677
2026-10-05,MULT3,1,36.19,0.097664
2026-10-05,ORVR3,1,20.0,0.120448
2026-10-05,PETR4,1,55.36,0.081884
2026-10-05,POMO4,1,4.68,0.080831
2026-10-05,PSSA3,1,51.54,0.041844
2026-10-05,QUAL3,1,1.88,0.112426
2026-10-05,RAIL3,1,18.92,0.120853
2026-10-05,RAIZ4,1,0.36,0.028571
2026-10-05,RAPT4,1,6.19,0.131627
2026-10-05,RDOR3,1,43.73,0.098192
2026-10-05,RECV3,1,11.6,0.035714
2026-10-05,RENT3,1,50.06,0.206847
2026-10-05,ROXO34,1,12.6,0.076003
2026-10-05,SBSP3,1,31.5,0.115834
2026-10-05,SIMH3,1,12.54,0.161111
2026-10-05,SLCE3,1,16.92,-0.016279
2026-10-05,SMAL11,1,127.19,0.093261
2026-10-05,SMFT3,1,20.91,0.186047
2026-10-05,SUZB3,0,41.96,-0.05389
2026-10-05,TAEE11,1,43.89,0.024271
2026-10-05,TIMS3,1,19.27,0.038814
2026-10-05,TOTS3,1,36.82,0.041584
2026-10-05,USIM5,1,7.46,-0.002674
2026-10-05,VALE3,0,71.4,-0.009709
2026-10-05,VAMO3,1,5.75,0.21308
2026-10-05,VBBR3,1,38.35,0.005242
2026-10-05,VIVA3,1,27.44,0.0976
2026-10-05,VIVT3,1,31.83,0.056072
2026-10-05,WEGE3,1,51.25,-0.003887
2026-10-05,WIZC3,1,8.4,0.025641
2026-10-05,XPBR31,1,139.61,0.244296
2026-10-05,YDUQ3,1,12.46,0.124549
2026-10-06,ABEV3,1,16.25,-0.015152
2026-10-06,ALOS3,1,34.29,0.037205
2026-10-06,AURA33,1,143.78,0.00321
2026-10-06,AXIA3,1,59.48,-0.030955
2026-10-06,AZZA3,1,23.08,0.041046
2026-10-06,BBAS3,1,24.64,-0.064185
2026-10-06,BBDC3,1,19.99,0.032541
2026-10-06,BBDC4,1,22.8,0.043956
2026-10-06,BBSE3,1,40.08,-0.022201
2026-10-06,BEEF3,1,4.5,0.073986
2026-10-06,BOVA11,1,202.5,-0.009053
2026-10-06,BPAC11,1,78.62,-0.028063
2026-10-06,BRAP4,0,21.29,0.004719
2026-10-06,BRAV3,1,19.25,0.007853
2026-10-06,BRSR6,1,17.2,0.019561
2026-10-06,CEAB3,1,12.61,0.022709
2026-10-06,CMIN3,0,4.94,-0.019841
2026-10-06,COGN3,1,2.82,0.048327
2026-10-06,CPLE3,1,17.33,0.004638
2026-10-06,CSAN3,1,5.0,-0.019608
2026-10-06,CSMG3,1,61.74,0.011634
2026-10-06,CSNA3,1,6.3,-0.020218
2026-10-06,CVCB3,1,1.65,0.050955
2026-10-06,CXSE3,1,20.79,0.008244
2026-10-06,CYRE3,1,34.18,0.031382
2026-10-06,DIRR3,1,11.37,0.001762
2026-10-06,ECOR3,1,12.99,0.053528
2026-10-06,EGIE3,1,31.6,-0.001264
2026-10-06,EMBJ3,1,94.15,-0.008947
2026-10-06,ENEV3,1,30.24,-0.000661
2026-10-06,ENGI11,1,64.22,0.021798
2026-10-06,EQTL3,1,48.2,0.01133
2026-10-06,EZTC3,1,17.61,0.031635
2026-10-06,FLRY3,1,25.35,0.044069
2026-10-06,GMAT3,1,5.2,-0.017013
2026-10-06,GRND3,1,4.28,0.028846
2026-10-06,HAPV3,1,8.93,0.019406
2026-10-06,HYPE3,1,27.0,0.001855
2026-10-06,IGTI11,1,31.68,0.029909
2026-10-06,IRBR3,1,66.12,0.031996
2026-10-06,ITSA4,1,16.54,0.011002
2026-10-06,ITUB3,1,54.86,0.013673
2026-10-06,ITUB4,1,50.45,0.019604
2026-10-06,JHSF3,1,12.9,0.015748
2026-10-06,KLBN11,0,18.5,0.002167
2026-10-06,MBRF3,1,17.8,0.000562
2026-10-06,MGLU3,1,9.24,-0.022222
2026-10-06,MOVI3,1,14.44,0.06963
2026-10-06,MRVE3,1,6.4,0.020734
2026-10-06,MULT3,1,37.16,0.026803
2026-10-06,ORVR3,1,20.65,0.0325
2026-10-06,PETR4,1,53.82,-0.027818
2026-10-06,POMO4,1,4.7,0.004274
2026-10-06,PSSA3,1,52.46,0.01785
2026-10-06,QUAL3,1,1.87,-0.005319
2026-10-06,RAIL3,1,18.26,-0.034884
2026-10-06,RAIZ4,1,0.34,-0.055556
2026-10-06,RAPT4,1,6.49,0.048465
2026-10-06,RDOR3,1,44.66,0.021267
2026-10-06,RECV3,1,11.7,0.008621
2026-10-06,RENT3,1,49.98,-0.001598
2026-10-06,ROXO34,1,13.0,0.031746
2026-10-06,SBSP3,1,32.03,0.016825
2026-10-06,SIMH3,1,13.78,0.098884
2026-10-06,SLCE3,1,17.32,0.023641
2026-10-06,SMAL11,1,128.6,0.011086
2026-10-06,SMFT3,1,21.63,0.034433
2026-10-06,SUZB3,0,41.72,-0.00572
2026-10-06,TAEE11,1,43.7,-0.004329
2026-10-06,TIMS3,1,19.0,-0.014011
2026-10-06,TOTS3,1,38.46,0.044541
2026-10-06,USIM5,1,7.32,-0.018767
2026-10-06,VALE3,0,70.37,-0.014426
2026-10-06,VAMO3,1,6.01,0.045217
2026-10-06,VBBR3,1,37.7,-0.016949
2026-10-06,VIVA3,1,27.84,0.014577
2026-10-06,VIVT3,1,31.39,-0.013823
2026-10-06,WEGE3,1,50.75,-0.009756
2026-10-06,WIZC3,1,8.59,0.022619
2026-10-06,XPBR31,1,147.02,0.053076
2026-10-06,YDUQ3,1,13.01,0.044141
2026-10-07,ABEV3,1,15.97,-0.017231
2026-10-07,ALOS3,1,34.46,0.004958
2026-10-07,AURA33,1,137.15,-0.046112
2026-10-07,AXIA3,1,59.87,0.006557
2026-10-07,AZZA3,1,23.47,0.016898
2026-10-07,BBAS3,1,24.18,-0.018669
2026-10-07,BBDC3,1,19.29,-0.035017
2026-10-07,BBDC4,1,21.96,-0.036842
2026-10-07,BBSE3,1,40.28,0.00499
2026-10-07,BEEF3,1,4.6,0.022222
2026-10-07,BOVA11,1,201.25,-0.006173
2026-10-07,BPAC11,1,76.64,-0.025184
2026-10-07,BRAP4,0,21.05,-0.011273
2026-10-07,BRAV3,1,19.89,0.033247
2026-10-07,BRSR6,1,17.76,0.032558
2026-10-07,CEAB3,1,12.55,-0.004758
2026-10-07,CMIN3,0,4.97,0.006073
2026-10-07,COGN3,1,2.93,0.039007
2026-10-07,CPLE3,1,17.46,0.007501
2026-10-07,CSAN3,1,5.05,0.01
2026-10-07,CSMG3,1,62.86,0.018141
2026-10-07,CSNA3,1,6.35,0.007936
2026-10-07,CVCB3,1,1.61,-0.024242
2026-10-07,CXSE3,1,21.03,0.011544
2026-10-07,CYRE3,1,33.0,-0.034523
2026-10-07,DIRR3,1,11.65,0.024626
2026-10-07,ECOR3,1,12.85,-0.010777
2026-10-07,EGIE3,1,31.29,-0.00981
2026-10-07,EMBJ3,0,89.34,-0.051089
2026-10-07,ENEV3,1,30.4,0.005291
2026-10-07,ENGI11,1,65.06,0.01308
2026-10-07,EQTL3,1,49.0,0.016597
2026-10-07,EZTC3,1,17.87,0.014764
2026-10-07,FLRY3,1,25.76,0.016174
2026-10-07,GMAT3,1,5.16,-0.007692
2026-10-07,GRND3,1,4.34,0.014019
2026-10-07,HAPV3,1,8.52,-0.045913
2026-10-07,HYPE3,1,27.32,0.011852
2026-10-07,IGTI11,1,31.25,-0.013573
2026-10-07,IRBR3,1,66.78,0.009982
2026-10-07,ITSA4,1,16.0,-0.032648
2026-10-07,ITUB3,1,53.15,-0.03117
2026-10-07,ITUB4,1,49.11,-0.026561
2026-10-07,JHSF3,1,12.75,-0.011628
2026-10-07,KLBN11,0,18.47,-0.001622
2026-10-07,MBRF3,1,18.53,0.041011
2026-10-07,MGLU3,1,9.71,0.050866
2026-10-07,MOVI3,1,14.9,0.031856
2026-10-07,MRVE3,1,6.35,-0.007813
2026-10-07,MULT3,1,36.65,-0.013724
2026-10-07,ORVR3,1,20.69,0.001937
2026-10-07,PETR4,1,54.33,0.009476
2026-10-07,POMO4,1,4.75,0.010638
2026-10-07,PSSA3,1,52.65,0.003622
2026-10-07,QUAL3,1,2.03,0.085561
2026-10-07,RAIL3,1,18.51,0.013691
2026-10-07,RAIZ4,1,0.33,-0.029412
2026-10-07,RAPT4,1,6.61,0.01849
2026-10-07,RDOR3,1,44.39,-0.006046
2026-10-07,RECV3,1,11.7,0.0
2026-10-07,RENT3,1,50.66,0.013605
2026-10-07,ROXO34,1,13.07,0.005385
2026-10-07,SBSP3,1,32.05,0.000624
2026-10-07,SIMH3,1,13.77,-0.000726
2026-10-07,SLCE3,1,17.72,0.023095
2026-10-07,SMAL11,1,130.2,0.012442
2026-10-07,SMFT3,1,22.34,0.032825
2026-10-07,SUZB3,0,42.18,0.011026
2026-10-07,TAEE11,1,44.74,0.023799
2026-10-07,TIMS3,1,19.15,0.007895
2026-10-07,TOTS3,1,39.32,0.022361
2026-10-07,USIM5,1,7.2,-0.016393
2026-10-07,VALE3,0,68.75,-0.023021
2026-10-07,VAMO3,1,6.06,0.008319
2026-10-07,VBBR3,1,37.55,-0.003979
2026-10-07,VIVA3,1,28.08,0.008621
2026-10-07,VIVT3,1,31.88,0.01561
2026-10-07,WEGE3,1,51.27,0.010246
2026-10-07,WIZC3,1,8.62,0.003492
2026-10-07,XPBR31,1,146.66,-0.002449
2026-10-07,YDUQ3,1,13.23,0.01691
